{
    "simulation_settings": {
      "dt": 0.1,
      "tf": 100.0
    },
    "simulator_settings": {
      "g": 9.80,
      "J0": [
        [27191961.52 , -6.87 , 0.00],
        [-6.87, 24934352.26, 4.10],
      [0.00, 4.10, 11232337.17]
      ],
      "J0_factor": 1e-9,
      "m": 2.686,
      "m_mmu": 0.2,
      "mmu_min": -0.3,
      "mmu_max": 0.5,
      "r_true": [[0.00, -0.01988, 0.0]],
      "r_guess": [[0.0001, -0.01988, 0.0001]],
      "attitude_initial": [0.0, 0.0, 0.0],
      "angular_vel_initial": [0.175, 0.175, 0.175],
      "v_mmu": 0.001,
      "k_p": 0.2
    }
  }
  