{
    "simulation_settings": {
      "dt": 0.1,
      "tf": 100.0
    },
    "simulator_settings": {
      "g": 9.80,
      "J0": [
        [26728835.97, 0.08, -26.37],
        [0.08, 25705088.88, 0.00],
        [-26.37, 0.00, 10069854.63]
      ],
      "J0_factor": 1e-9,
      "m": 2.72472,
      "m_mmu": 0.2,
      "mmu_min": -0.3,
      "mmu_max": 0.5,
      "r_true": [[0.00, -0.02181, 0.0]],
      "r_guess": [[0.01, 0.01, 0.01]],
      "attitude_initial": [0.0, 0.0, 0.1],
      "angular_vel_initial": [0.0, 0.0, 0.0],
      "v_mmu": 0.001,
      "k_p": 0.2
    }
  }
  