{
    "simulation_settings": {
      "dt": 0.05,
      "tf": 100.0
    },
    "simulator_settings": {
      "g": 9.80,
      "J0": [
        [4.263e-2, 1.0541779e-5,-5.364803e-6],
        [1.0541779e-5 ,3.978e-2 ,3.471e-4],
        [-5.364803e-6 ,3.471e-4 ,1.704e-2]
      ],
      "J0_factor": 1,
      "m": 4.91706,
      "m_mmu": 0.2,
      "r_true": [[0.00029, -0.00800, -0.00460]],
      "r_guess": [[0.01, 0.01, 0.01]],
      "attitude_initial": [0.0, 0.0, 0.0],
      "angular_vel_initial": [0, 0, 0],
      "v_mmu": 0.001,
      "k_p": 0.5
    }
  }
  