{
    "simulation_settings": {
      "dt": 0.1,
      "tf": 100.0
    },
    "simulator_settings": {
      "g": 9.80,
      "J0": [
        [53643427.37, 30750.68, 215629.24],
        [30750.68, 50289533.36, 17343.10],
        [215629.24, 17343.10, 14481363.92]
      ],
      "J0_factor": 1e-9,
      "m": 4.91706,
      "m_mmu": 0.2,
      "mmu_min": -0.035,
      "mmu_max": 0.035,
      "r_true": [[0.00029, -0.00800, -0.00460]],
      "r_guess": [[0.01, 0.01, 0.01]],
      "attitude_initial": [0.0, 0.0, 0.0],
      "angular_vel_initial": [0, 0, 0],
      "v_mmu": 0.001,
      "k_p": 0.2
    }
  }
  